"Batch_ID,T80"
"Test-01,67.089676"
"Test-02,29.493383"
"Test-03,17.8382"
"Test-04,32.71987"
"Test-05,43.91291"
"Test-06,71.70907"
"Test-07,68.667114"
"Test-08,5.5846243"
"Test-09,20.732262"
